<?xml version="1.0" encoding="UTF-8"?>
<beans xmlns="http://www.springframework.org/schema/beans"
       xmlns:xsi="http://www.w3.org/2001/XMLSchema-instance"
       xsi:schemaLocation="http://www.springframework.org/schema/beans http://www.springframework.org/schema/beans/spring-beans.xsd">

    <bean id="processEngineConfiguration" class="org.activiti.engine.impl.cfg.StandaloneProcessEngineConfiguration">
        <!--        配置数据库相关-->
        <!--        数据库驱动-->
        <property name="jdbcDriver" value="com.mysql.cj.jdbc.Driver"></property>
        <!--        数据库链接-->
        <property name="jdbcUrl" value="jdbc:mysql://localhost:3306/guigu-oa?useSSL=false&amp; useUnicode=true&amp; characterEncoding=utf8&amp; serverTimezone=Asia/Shanghai&amp; nullCatalogMeansCurrent=true"></property>
        <property name="jdbcUsername" value="root"></property>
        <property name="jdbcPassword" value="123456"></property>
        <!--        数据库表在生成时的依赖-->
        <property name="databaseSchemaUpdate" value="true"></property>
    </bean>


</beans>
